{
  "hash": "61095d3f",
  "configHash": "1851a6b0",
  "lockfileHash": "e46c653c",
  "browserHash": "4b2dd82e",
  "optimized": {
    "@angular/common": {
      "src": "../../../../../node_modules/@angular/common/fesm2022/common.mjs",
      "file": "@angular_common.js",
      "fileHash": "3119a11b",
      "needsInterop": false
    },
    "@angular/common/http": {
      "src": "../../../../../node_modules/@angular/common/fesm2022/http.mjs",
      "file": "@angular_common_http.js",
      "fileHash": "0f9d041c",
      "needsInterop": false
    },
    "@angular/core": {
      "src": "../../../../../node_modules/@angular/core/fesm2022/core.mjs",
      "file": "@angular_core.js",
      "fileHash": "03b399ff",
      "needsInterop": false
    },
    "@angular/fire/compat": {
      "src": "../../../../../node_modules/@angular/fire/fesm2022/angular-fire-compat.mjs",
      "file": "@angular_fire_compat.js",
      "fileHash": "36eec169",
      "needsInterop": false
    },
    "@angular/fire/compat/storage": {
      "src": "../../../../../node_modules/@angular/fire/fesm2022/angular-fire-compat-storage.mjs",
      "file": "@angular_fire_compat_storage.js",
      "fileHash": "ba1db516",
      "needsInterop": false
    },
    "@angular/forms": {
      "src": "../../../../../node_modules/@angular/forms/fesm2022/forms.mjs",
      "file": "@angular_forms.js",
      "fileHash": "a3c9511a",
      "needsInterop": false
    },
    "@angular/material/button": {
      "src": "../../../../../node_modules/@angular/material/fesm2022/button.mjs",
      "file": "@angular_material_button.js",
      "fileHash": "5fc01b82",
      "needsInterop": false
    },
    "@angular/material/checkbox": {
      "src": "../../../../../node_modules/@angular/material/fesm2022/checkbox.mjs",
      "file": "@angular_material_checkbox.js",
      "fileHash": "95c8852a",
      "needsInterop": false
    },
    "@angular/material/form-field": {
      "src": "../../../../../node_modules/@angular/material/fesm2022/form-field.mjs",
      "file": "@angular_material_form-field.js",
      "fileHash": "614e167e",
      "needsInterop": false
    },
    "@angular/material/input": {
      "src": "../../../../../node_modules/@angular/material/fesm2022/input.mjs",
      "file": "@angular_material_input.js",
      "fileHash": "5cf00188",
      "needsInterop": false
    },
    "@angular/material/toolbar": {
      "src": "../../../../../node_modules/@angular/material/fesm2022/toolbar.mjs",
      "file": "@angular_material_toolbar.js",
      "fileHash": "89aca21d",
      "needsInterop": false
    },
    "@angular/platform-browser": {
      "src": "../../../../../node_modules/@angular/platform-browser/fesm2022/platform-browser.mjs",
      "file": "@angular_platform-browser.js",
      "fileHash": "876137dc",
      "needsInterop": false
    },
    "@angular/platform-browser/animations": {
      "src": "../../../../../node_modules/@angular/platform-browser/fesm2022/animations.mjs",
      "file": "@angular_platform-browser_animations.js",
      "fileHash": "99ceaebe",
      "needsInterop": false
    },
    "@angular/router": {
      "src": "../../../../../node_modules/@angular/router/fesm2022/router.mjs",
      "file": "@angular_router.js",
      "fileHash": "03fcc23d",
      "needsInterop": false
    },
    "file-saver": {
      "src": "../../../../../node_modules/file-saver/dist/FileSaver.min.js",
      "file": "file-saver.js",
      "fileHash": "a4f31237",
      "needsInterop": true
    },
    "rxjs": {
      "src": "../../../../../node_modules/rxjs/dist/esm5/index.js",
      "file": "rxjs.js",
      "fileHash": "8acc588b",
      "needsInterop": false
    }
  },
  "chunks": {
    "chunk-N7CQ75CF": {
      "file": "chunk-N7CQ75CF.js"
    },
    "chunk-BV4FNG2J": {
      "file": "chunk-BV4FNG2J.js"
    },
    "chunk-P72WJQQ5": {
      "file": "chunk-P72WJQQ5.js"
    },
    "chunk-WO4AL6UL": {
      "file": "chunk-WO4AL6UL.js"
    },
    "chunk-YTZB6VHG": {
      "file": "chunk-YTZB6VHG.js"
    },
    "chunk-R23PM5FU": {
      "file": "chunk-R23PM5FU.js"
    },
    "chunk-4JULDKHD": {
      "file": "chunk-4JULDKHD.js"
    },
    "chunk-DGZ75FP6": {
      "file": "chunk-DGZ75FP6.js"
    },
    "chunk-7RK5JCHF": {
      "file": "chunk-7RK5JCHF.js"
    },
    "chunk-WSA2QMXP": {
      "file": "chunk-WSA2QMXP.js"
    },
    "chunk-SFFCLR5V": {
      "file": "chunk-SFFCLR5V.js"
    }
  }
}